opp_id,lead_id,company,industry,state,plan_type,tech_count,acv,mrr,stage,ae_owner,created_date,close_date,sales_cycle_days,demo_completed,trial_started,competitors_evaluated,win_reason,lost_reason,won_date,probability_pct
OPP-0001,L-0487,Allied Electrical Systems,Electrical,NY,Starter,2,3200,267,Closed Won,Derek Pham,2024-03-21,2024-04-16,26,Yes,No,Jobber,Competitive pricing,,2024-04-16,100
OPP-0002,L-0097,OneCall Plumbing Works,Plumbing,MO,Starter,4,4300,357,Closed Lost,Aisha Okafor,2025-03-04,2025-03-28,24,Yes,No,Jobber; ServiceTitan,,Missing integration,,0
OPP-0003,L-0271,Allied Plumbing Professionals,Plumbing,IL,Growth,14,9400,787,Proposal Sent,Derek Pham,2024-11-04,2024-12-20,46,Yes,Yes,ServiceTitan,,,,50
OPP-0004,L-0036,Allied HVAC Group,HVAC,VA,Growth,17,8300,687,Negotiation,Priya Kapoor,2025-02-18,2025-03-07,17,Yes,No,Jobber; Housecall Pro,,,,75
OPP-0005,L-0241,National HVAC Systems,HVAC,OH,Growth,14,10500,875,Discovery,Derek Pham,2024-02-16,2024-03-25,38,Yes,No,ServiceTitan; None,,,,15
OPP-0006,L-0478,Reliable Plumbing Associates,Plumbing,OR,Pro,29,16900,1410,Discovery,Rachel Thornton,2024-04-05,2024-07-15,101,Yes,No,Housecall Pro,,,,15
OPP-0007,L-0022,Regional Electrical Associates,Electrical,MO,Starter,4,3900,322,Proposal Sent,Leila Farouk,2025-03-13,2025-05-21,69,Yes,Yes,ServiceTitan; FieldEdge,,,,50
OPP-0008,L-0416,RapidFix Electrical Works,Electrical,CA,Starter,3,3600,296,Closed Won,Leila Farouk,2024-07-31,2024-10-14,75,Yes,Yes,Housecall Pro,Fast implementation,,2024-10-14,100
OPP-0009,L-0401,OneCall Landscaping Associates,Landscaping,CA,Pro,54,18600,1549,Closed Lost,Natasha Ivanova,2024-08-26,2024-09-29,34,Yes,No,None; ServiceTitan,,Lost to ServiceTitan,,0
OPP-0010,L-0090,Metro Electrical Group,Electrical,NV,Pro,57,17300,1440,Discovery,Diego Vargas,2024-03-16,2024-05-31,76,Yes,No,FieldEdge,,,,15
OPP-0011,L-0357,Pinnacle HVAC Partners,HVAC,NV,Starter,2,4000,330,Discovery,Leila Farouk,2024-11-01,2025-01-02,62,Yes,No,None,,,,15
OPP-0012,L-0034,BlueStar HVAC Systems,HVAC,TN,Starter,2,3400,281,Demo/Evaluation,Carla Nunez,2024-03-06,2024-03-29,23,Yes,Yes,None; Jobber,,,,30
OPP-0013,L-0396,Reliable HVAC Solutions,HVAC,CO,Growth,13,9200,763,Closed Lost,Tom Szymanski,2024-01-20,2024-03-19,59,Yes,No,ServiceTitan,,Budget cut,,0
OPP-0014,L-0449,SwiftLine Other Partners,Other,IL,Pro,27,21900,1822,Closed Won,Diego Vargas,2024-11-18,2025-03-09,111,Yes,Yes,Jobber; ServiceTitan,Strong G2 reviews,,2025-03-09,100
OPP-0015,L-0491,RapidFix HVAC Associates,HVAC,NV,Growth,18,10700,887,Closed Won,Derek Pham,2025-05-22,2025-07-27,66,Yes,Yes,Housecall Pro; FieldEdge,Competitive pricing,,2025-07-27,100
OPP-0016,L-0322,Heritage Pest Control Works,Pest Control,OH,Pro,28,20000,1668,Closed Lost,Rachel Thornton,2024-11-20,2025-01-29,70,Yes,No,Jobber,,Missing integration,,0
OPP-0017,L-0178,Reliable Facilities Management Associates,Facilities Management,MO,Growth,18,9900,826,Closed Won,Aisha Okafor,2024-05-22,2024-08-07,77,Yes,Yes,ServiceTitan; Housecall Pro,Best mobile app,,2024-08-07,100
OPP-0018,L-0259,Pinnacle Facilities Management Experts,Facilities Management,MO,Growth,15,10300,855,Discovery,Derek Pham,2024-08-10,2024-11-15,97,Yes,No,Housecall Pro; Jobber,,,,15
OPP-0019,L-0245,OneCall Facilities Management Technologies,Facilities Management,IN,Growth,11,9400,786,Demo/Evaluation,Josh Reinhart,2024-07-25,2024-11-09,107,Yes,No,FieldEdge; None,,,,30
OPP-0020,L-0427,OneCall Electrical Works,Electrical,NV,Starter,3,3500,290,Proposal Sent,Priya Kapoor,2024-03-26,2024-06-23,89,Yes,No,FieldEdge; Jobber,,,,50
OPP-0021,L-0440,RapidFix Electrical Associates,Electrical,GA,Starter,3,4600,383,Closed Won,Derek Pham,2024-05-29,2024-07-15,47,Yes,No,ServiceTitan,Best mobile app,,2024-07-15,100
OPP-0022,L-0343,Reliable HVAC Systems,HVAC,TX,Starter,2,3100,254,Demo/Evaluation,Derek Pham,2024-12-26,2025-01-01,6,Yes,No,Housecall Pro,,,,30
OPP-0023,L-0183,Regional HVAC Partners,HVAC,FL,Enterprise,111,60100,5011,Closed Lost,Rachel Thornton,2024-05-15,2024-07-27,73,Yes,No,None,,Lost to Jobber,,0
OPP-0024,L-0453,Heritage Electrical Works,Electrical,OR,Starter,4,3100,258,Discovery,Priya Kapoor,2025-03-07,2025-06-26,111,Yes,No,ServiceTitan; FieldEdge,,,,15
OPP-0025,L-0466,Regional Facilities Management Systems,Facilities Management,NV,Enterprise,180,64900,5407,Negotiation,Natasha Ivanova,2024-12-06,2025-01-28,53,Yes,No,Housecall Pro; Jobber,,,,75
OPP-0026,L-0190,SwiftLine HVAC Experts,HVAC,NV,Starter,1,4400,367,Demo/Evaluation,Josh Reinhart,2025-02-11,2025-05-30,108,Yes,No,ServiceTitan,,,,30
OPP-0027,L-0208,ProServ Plumbing Solutions,Plumbing,NY,Starter,3,3600,303,Closed Lost,Derek Pham,2024-01-31,2024-02-29,29,Yes,No,Jobber,,Budget cut,,0
OPP-0028,L-0005,SwiftLine Pest Control Technologies,Pest Control,CO,Growth,7,9900,827,Proposal Sent,Aisha Okafor,2024-06-24,2024-10-04,102,Yes,Yes,FieldEdge; Jobber,,,,50
OPP-0029,L-0170,ProServ Electrical Systems,Electrical,IL,Growth,10,10200,850,Demo/Evaluation,Tom Szymanski,2024-09-06,2024-11-30,85,Yes,No,Jobber; None,,,,30
OPP-0030,L-0327,RapidFix Landscaping Services,Landscaping,FL,Pro,49,23100,1926,Demo/Evaluation,Diego Vargas,2024-03-03,2024-03-12,9,Yes,Yes,Housecall Pro; Jobber,,,,30
OPP-0031,L-0380,Apex Plumbing Solutions,Plumbing,TX,Starter,2,3400,280,Proposal Sent,Carla Nunez,2024-07-11,2024-10-29,110,Yes,No,ServiceTitan; FieldEdge,,,,50
OPP-0032,L-0088,Apex Pest Control Technologies,Pest Control,NY,Starter,2,3300,277,Proposal Sent,Aisha Okafor,2024-04-26,2024-05-25,29,Yes,Yes,ServiceTitan,,,,50
OPP-0033,L-0473,SwiftLine HVAC Services,HVAC,CA,Growth,15,9900,828,Negotiation,Josh Reinhart,2025-02-11,2025-03-04,21,Yes,No,None; Jobber,,,,75
OPP-0034,L-0247,Allied HVAC Solutions,HVAC,IL,Starter,2,4500,372,Demo/Evaluation,Carla Nunez,2024-10-24,2025-01-30,98,Yes,No,Jobber; ServiceTitan,,,,30
OPP-0035,L-0278,Elite Pest Control Solutions,Pest Control,MN,Starter,1,4100,345,Negotiation,Tom Szymanski,2025-04-28,2025-08-24,118,Yes,No,ServiceTitan; Housecall Pro,,,,75
OPP-0036,L-0402,OneCall HVAC Associates,HVAC,NV,Growth,14,9500,795,Demo/Evaluation,Tom Szymanski,2024-04-09,2024-07-06,88,Yes,No,FieldEdge,,,,30
OPP-0037,L-0123,Regional HVAC Works,HVAC,NY,Growth,10,10300,859,Proposal Sent,Priya Kapoor,2024-11-02,2024-12-29,57,Yes,No,ServiceTitan; Housecall Pro,,,,50
OPP-0038,L-0337,Metro Plumbing Group,Plumbing,VA,Growth,11,8500,707,Discovery,Derek Pham,2024-09-09,2024-12-20,102,Yes,No,Jobber,,,,15
OPP-0039,L-0391,Pinnacle HVAC Works,HVAC,MO,Growth,19,7300,608,Closed Won,Aisha Okafor,2024-09-04,2024-11-01,58,Yes,No,FieldEdge; ServiceTitan,Strong G2 reviews,,2024-11-01,100
OPP-0040,L-0387,Premier Electrical Works,Electrical,FL,Pro,29,16900,1405,Closed Won,Rachel Thornton,2025-01-13,2025-01-28,15,Yes,No,Jobber,Strong G2 reviews,,2025-01-28,100
OPP-0041,L-0409,Dynamic Landscaping Technologies,Landscaping,TN,Growth,15,10700,895,Discovery,Leila Farouk,2024-11-29,2025-01-04,36,Yes,No,Jobber,,,,15
OPP-0042,L-0275,Regional HVAC Works,HVAC,VA,Growth,11,8400,697,Discovery,Derek Pham,2025-04-06,2025-04-19,13,Yes,No,ServiceTitan,,,,15
OPP-0043,L-0439,Allied Pest Control Group,Pest Control,NY,Starter,1,3800,318,Demo/Evaluation,Derek Pham,2024-03-01,2024-06-17,108,Yes,No,None,,,,30
OPP-0044,L-0465,National Facilities Management Systems,Facilities Management,CA,Starter,4,4400,367,Discovery,Aisha Okafor,2024-09-18,2024-10-24,36,Yes,No,Housecall Pro,,,,15
OPP-0045,L-0406,RapidFix Electrical Group,Electrical,NV,Growth,7,8000,669,Discovery,Marcus Webb,2024-11-04,2024-12-22,48,Yes,No,FieldEdge,,,,15
OPP-0046,L-0248,TrustWorks Landscaping Partners,Landscaping,TN,Enterprise,128,54600,4552,Demo/Evaluation,Rachel Thornton,2024-04-05,2024-05-10,35,Yes,No,None,,,,30
OPP-0047,L-0117,RapidFix HVAC Experts,HVAC,NY,Starter,4,4300,356,Discovery,Carla Nunez,2024-05-27,2024-08-20,85,Yes,No,None; ServiceTitan,,,,15
OPP-0048,L-0182,Allied HVAC Group,HVAC,IL,Starter,5,3200,265,Closed Won,Marcus Webb,2025-05-11,2025-05-23,12,Yes,Yes,FieldEdge; ServiceTitan,Best mobile app,,2025-05-23,100
OPP-0049,L-0049,SwiftLine HVAC Group,HVAC,IL,Growth,8,7400,613,Proposal Sent,Derek Pham,2024-07-31,2024-11-15,107,Yes,No,ServiceTitan; FieldEdge,,,,50
OPP-0050,L-0492,Regional HVAC Professionals,HVAC,VA,Starter,1,3200,263,Proposal Sent,Derek Pham,2024-11-19,2025-02-18,91,Yes,Yes,None,,,,50
OPP-0051,L-0333,Summit HVAC Associates,HVAC,AZ,Starter,5,3500,293,Closed Won,Carla Nunez,2024-08-10,2024-10-02,53,Yes,No,None,Fast implementation,,2024-10-02,100
OPP-0052,L-0202,Elite Plumbing Associates,Plumbing,CA,Starter,5,3400,285,Demo/Evaluation,Priya Kapoor,2024-07-31,2024-10-20,81,Yes,No,Housecall Pro,,,,30
OPP-0053,L-0239,Heritage HVAC Systems,HVAC,IN,Pro,30,19000,1587,Demo/Evaluation,Natasha Ivanova,2024-06-11,2024-08-09,59,Yes,Yes,FieldEdge,,,,30
OPP-0054,L-0072,Reliable HVAC Technologies,HVAC,NY,Growth,12,8800,736,Closed Lost,Carla Nunez,2024-04-11,2024-05-28,47,Yes,No,ServiceTitan,,Price too high,,0
OPP-0055,L-0480,TrustWorks Facilities Management Works,Facilities Management,OR,Starter,1,3100,255,Demo/Evaluation,Derek Pham,2025-05-06,2025-08-10,96,Yes,Yes,None,,,,30
OPP-0056,L-0334,Heritage HVAC Services,HVAC,AZ,Starter,3,4500,375,Demo/Evaluation,Leila Farouk,2025-03-20,2025-04-10,21,Yes,No,FieldEdge; Housecall Pro,,,,30
OPP-0057,L-0172,TrustWorks HVAC Associates,HVAC,IL,Starter,4,4200,351,Proposal Sent,Josh Reinhart,2024-11-16,2025-01-16,61,Yes,Yes,Jobber,,,,50
OPP-0058,L-0127,Reliable HVAC Partners,HVAC,NY,Starter,3,4300,361,Negotiation,Priya Kapoor,2024-07-31,2024-08-12,12,Yes,No,FieldEdge,,,,75
OPP-0059,L-0054,National HVAC Group,HVAC,TN,Growth,14,9300,778,Closed Won,Marcus Webb,2025-02-14,2025-04-25,70,Yes,Yes,FieldEdge; Jobber,Referral from existing customer,,2025-04-25,100
OPP-0060,L-0315,Apex HVAC Partners,HVAC,NY,Starter,2,3800,317,Discovery,Derek Pham,2024-10-05,2024-12-26,82,Yes,No,FieldEdge; None,,,,15
OPP-0061,L-0342,SwiftLine HVAC Services,HVAC,CA,Starter,1,4600,384,Closed Won,Leila Farouk,2025-05-11,2025-07-21,71,Yes,Yes,ServiceTitan,Strong G2 reviews,,2025-07-21,100
OPP-0062,L-0189,OneCall Electrical Group,Electrical,TX,Enterprise,152,54300,4528,Demo/Evaluation,Diego Vargas,2024-05-15,2024-09-03,111,Yes,No,Housecall Pro,,,,30
OPP-0063,L-0432,OneCall HVAC Group,HVAC,NV,Starter,4,3400,280,Demo/Evaluation,Priya Kapoor,2024-10-21,2024-11-20,30,Yes,No,ServiceTitan,,,,30
OPP-0064,L-0206,ProServ Plumbing Partners,Plumbing,IN,Starter,4,3400,279,Closed Lost,Derek Pham,2024-08-07,2024-10-11,65,Yes,No,None; FieldEdge,,Budget cut,,0
OPP-0065,L-0398,BlueStar HVAC Solutions,HVAC,MO,Starter,1,4000,337,Demo/Evaluation,Carla Nunez,2024-04-02,2024-05-30,58,Yes,No,Jobber; ServiceTitan,,,,30
OPP-0066,L-0094,Elite HVAC Solutions,HVAC,PA,Starter,3,4500,372,Proposal Sent,Josh Reinhart,2024-04-05,2024-04-15,10,Yes,Yes,Jobber; ServiceTitan,,,,50
OPP-0067,L-0012,Premier HVAC Works,HVAC,FL,Starter,1,4200,347,Proposal Sent,Marcus Webb,2024-08-23,2024-10-26,64,Yes,No,Jobber,,,,50
OPP-0068,L-0016,SwiftLine Landscaping Professionals,Landscaping,OH,Starter,1,4200,352,Closed Lost,Priya Kapoor,2024-09-28,2025-01-15,109,Yes,No,Jobber; Housecall Pro,,Champion left company,,0
OPP-0069,L-0431,TrustWorks HVAC Technologies,HVAC,TX,Pro,38,16800,1398,Closed Won,Rachel Thornton,2024-02-13,2024-02-18,5,Yes,No,ServiceTitan,Competitive pricing,,2024-02-18,100
OPP-0070,L-0367,Summit HVAC Services,HVAC,AZ,Pro,53,15500,1294,Discovery,Natasha Ivanova,2024-05-15,2024-06-03,19,Yes,No,FieldEdge,,,,15
OPP-0071,L-0156,ProServ HVAC Associates,HVAC,TN,Pro,21,18900,1571,Closed Won,Diego Vargas,2024-05-27,2024-08-20,85,Yes,Yes,ServiceTitan; None,Strong G2 reviews,,2024-08-20,100
OPP-0072,L-0143,Apex HVAC Experts,HVAC,GA,Starter,1,3400,280,Discovery,Carla Nunez,2024-10-23,2024-11-19,27,Yes,No,FieldEdge,,,,15
OPP-0073,L-0469,ProServ Facilities Management Group,Facilities Management,MN,Starter,4,4200,350,Closed Lost,Aisha Okafor,2025-02-06,2025-03-26,48,Yes,No,Jobber,,Price too high,,0
OPP-0074,L-0262,National Pest Control Experts,Pest Control,CA,Growth,12,7200,600,Negotiation,Marcus Webb,2024-10-21,2025-02-10,112,Yes,No,ServiceTitan; None,,,,75
OPP-0075,L-0310,Metro HVAC Systems,HVAC,AZ,Starter,4,4400,366,Closed Won,Leila Farouk,2024-01-27,2024-02-18,22,Yes,Yes,FieldEdge,Fast implementation,,2024-02-18,100
OPP-0076,L-0063,TrustWorks Electrical Partners,Electrical,MN,Pro,30,17800,1479,Proposal Sent,Sam Okonkwo,2025-01-26,2025-03-02,35,Yes,No,FieldEdge; Jobber,,,,50
OPP-0077,L-0035,SwiftLine Facilities Management Associates,Facilities Management,GA,Pro,44,22400,1866,Discovery,Diego Vargas,2024-12-26,2025-01-08,13,Yes,No,Jobber,,,,15
OPP-0078,L-0228,Heritage HVAC Solutions,HVAC,WI,Starter,4,4500,372,Closed Won,Tom Szymanski,2025-01-17,2025-02-07,21,Yes,No,None,QuickBooks integration,,2025-02-07,100
OPP-0079,L-0412,Allied Electrical Systems,Electrical,GA,Growth,12,9800,812,Closed Won,Aisha Okafor,2025-05-15,2025-06-29,45,Yes,Yes,Jobber; ServiceTitan,Strong G2 reviews,,2025-06-29,100
OPP-0080,L-0393,TrustWorks Landscaping Group,Landscaping,MN,Growth,8,10400,862,Demo/Evaluation,Tom Szymanski,2024-05-13,2024-06-24,42,Yes,Yes,FieldEdge,,,,30
OPP-0081,L-0312,OneCall Other Experts,Other,GA,Growth,10,7300,610,Proposal Sent,Josh Reinhart,2025-04-12,2025-07-27,106,Yes,Yes,Jobber; Housecall Pro,,,,50
OPP-0082,L-0214,National Electrical Professionals,Electrical,TX,Starter,4,4200,352,Discovery,Carla Nunez,2024-03-20,2024-07-03,105,Yes,No,None; ServiceTitan,,,,15
OPP-0083,L-0071,Dynamic HVAC Partners,HVAC,CA,Growth,17,7800,646,Proposal Sent,Tom Szymanski,2025-03-05,2025-04-28,54,Yes,Yes,Housecall Pro; None,,,,50
OPP-0084,L-0029,BlueStar Plumbing Experts,Plumbing,IN,Pro,39,17900,1491,Closed Won,Rachel Thornton,2025-03-16,2025-05-07,52,Yes,No,Housecall Pro; None,Strong G2 reviews,,2025-05-07,100
OPP-0085,L-0485,Reliable HVAC Works,HVAC,NC,Starter,1,4000,332,Demo/Evaluation,Josh Reinhart,2024-04-20,2024-07-15,86,Yes,Yes,Jobber,,,,30
OPP-0086,L-0279,Apex Plumbing Professionals,Plumbing,WA,Growth,12,10500,875,Closed Won,Tom Szymanski,2024-06-18,2024-08-19,62,Yes,No,Jobber; FieldEdge,QuickBooks integration,,2024-08-19,100
OPP-0087,L-0180,Heritage Facilities Management Experts,Facilities Management,NC,Pro,45,22500,1873,Proposal Sent,Diego Vargas,2024-10-02,2024-12-19,78,Yes,No,FieldEdge,,,,50
OPP-0088,L-0356,SwiftLine HVAC Technologies,HVAC,CA,Growth,19,9200,767,Proposal Sent,Marcus Webb,2024-03-22,2024-04-13,22,Yes,No,FieldEdge,,,,50
OPP-0089,L-0003,Regional Plumbing Associates,Plumbing,PA,Starter,3,3900,323,Negotiation,Leila Farouk,2024-02-14,2024-03-19,34,Yes,No,Housecall Pro,,,,75
OPP-0090,L-0282,RapidFix Facilities Management Partners,Facilities Management,PA,Starter,4,3900,323,Demo/Evaluation,Tom Szymanski,2024-01-07,2024-02-24,48,Yes,No,Housecall Pro; None,,,,30
OPP-0091,L-0205,Pinnacle HVAC Associates,HVAC,VA,Starter,4,3700,309,Closed Lost,Carla Nunez,2024-04-04,2024-07-20,107,Yes,No,FieldEdge; Housecall Pro,,Budget cut,,0
OPP-0092,L-0139,Apex Plumbing Systems,Plumbing,WA,Starter,1,3100,257,Closed Lost,Priya Kapoor,2024-03-11,2024-05-11,61,Yes,No,ServiceTitan; FieldEdge,,Price too high,,0
OPP-0093,L-0360,ProServ Plumbing Partners,Plumbing,PA,Pro,36,22600,1882,Closed Lost,Diego Vargas,2024-12-28,2025-02-08,42,Yes,No,Jobber; ServiceTitan,,Lost to Jobber,,0
OPP-0094,L-0350,Premier Electrical Technologies,Electrical,AZ,Growth,6,7600,631,Demo/Evaluation,Josh Reinhart,2024-09-08,2024-10-29,51,Yes,Yes,None,,,,30
OPP-0095,L-0330,SwiftLine Landscaping Technologies,Landscaping,TN,Pro,55,18000,1499,Closed Won,Diego Vargas,2024-11-28,2025-02-27,91,Yes,Yes,FieldEdge; None,Competitive pricing,,2025-02-27,100
OPP-0096,L-0370,Premier Electrical Group,Electrical,TN,Starter,3,4200,349,Proposal Sent,Marcus Webb,2024-12-12,2025-01-03,22,Yes,No,ServiceTitan; FieldEdge,,,,50
OPP-0097,L-0138,BlueStar Plumbing Associates,Plumbing,FL,Growth,19,10200,852,Negotiation,Derek Pham,2025-04-18,2025-08-01,105,Yes,No,Housecall Pro; ServiceTitan,,,,75
OPP-0098,L-0211,Apex HVAC Group,HVAC,WI,Pro,32,19100,1592,Negotiation,Rachel Thornton,2024-12-14,2025-02-22,70,Yes,No,Housecall Pro,,,,75
OPP-0099,L-0181,BlueStar Plumbing Systems,Plumbing,PA,Growth,5,8000,665,Closed Won,Priya Kapoor,2024-04-05,2024-07-11,97,Yes,Yes,Housecall Pro,Referral from existing customer,,2024-07-11,100
OPP-0100,L-0428,Elite Landscaping Professionals,Landscaping,MO,Starter,2,3900,323,Demo/Evaluation,Carla Nunez,2025-03-13,2025-06-26,105,Yes,Yes,Housecall Pro; FieldEdge,,,,30
OPP-0101,L-0389,Dynamic Plumbing Services,Plumbing,AZ,Growth,20,8300,692,Demo/Evaluation,Diego Vargas,2024-08-27,2024-09-25,29,Yes,No,Housecall Pro; Jobber,,,,30
OPP-0102,L-0081,Elite HVAC Works,HVAC,WA,Starter,2,3800,314,Proposal Sent,Derek Pham,2024-01-27,2024-04-12,76,Yes,Yes,FieldEdge,,,,50
OPP-0103,L-0232,Reliable Electrical Technologies,Electrical,MN,Growth,5,9300,775,Negotiation,Derek Pham,2024-11-08,2024-11-29,21,Yes,No,ServiceTitan; Housecall Pro,,,,75
OPP-0104,L-0421,National Pest Control Professionals,Pest Control,OR,Starter,2,4400,363,Closed Won,Carla Nunez,2024-08-25,2024-12-14,111,Yes,No,Jobber; Housecall Pro,Competitive pricing,,2024-12-14,100
OPP-0105,L-0147,BlueStar Plumbing Systems,Plumbing,GA,Pro,41,20800,1736,Discovery,Sam Okonkwo,2024-01-16,2024-03-12,56,Yes,No,FieldEdge; ServiceTitan,,,,15
OPP-0106,L-0060,Apex Plumbing Systems,Plumbing,OH,Starter,5,4000,330,Closed Won,Priya Kapoor,2024-12-05,2024-12-14,9,Yes,No,FieldEdge,QuickBooks integration,,2024-12-14,100
OPP-0107,L-0197,ProServ Pest Control Professionals,Pest Control,WA,Starter,1,4600,386,Demo/Evaluation,Derek Pham,2024-01-09,2024-02-09,31,Yes,Yes,ServiceTitan; Housecall Pro,,,,30
OPP-0108,L-0320,Reliable Plumbing Associates,Plumbing,NY,Starter,3,3800,318,Closed Lost,Aisha Okafor,2024-08-11,2024-09-27,47,Yes,No,ServiceTitan; Jobber,,Budget cut,,0
OPP-0109,L-0114,Elite Plumbing Group,Plumbing,NC,Pro,23,16100,1344,Discovery,Sam Okonkwo,2024-06-05,2024-08-19,75,Yes,No,ServiceTitan,,,,15
OPP-0110,L-0218,Apex Pest Control Services,Pest Control,WA,Growth,13,10200,854,Discovery,Marcus Webb,2024-10-31,2025-01-21,82,Yes,No,ServiceTitan; Jobber,,,,15
OPP-0111,L-0450,Premier HVAC Systems,HVAC,NC,Growth,20,7900,656,Negotiation,Diego Vargas,2025-05-17,2025-07-10,54,Yes,No,Jobber; None,,,,75
OPP-0112,L-0057,Apex Plumbing Group,Plumbing,NC,Starter,4,3500,293,Demo/Evaluation,Tom Szymanski,2024-09-06,2024-11-17,72,Yes,Yes,Housecall Pro,,,,30
OPP-0113,L-0460,Metro HVAC Works,HVAC,NV,Starter,1,3600,303,Negotiation,Tom Szymanski,2024-10-11,2024-10-17,6,Yes,No,FieldEdge,,,,75
OPP-0114,L-0263,Metro HVAC Solutions,HVAC,IL,Pro,48,22200,1854,Closed Won,Sam Okonkwo,2025-01-11,2025-03-09,57,Yes,Yes,ServiceTitan,Fast implementation,,2025-03-09,100
OPP-0115,L-0252,Reliable HVAC Services,HVAC,WI,Enterprise,189,55000,4583,Closed Won,Natasha Ivanova,2025-05-22,2025-07-27,66,Yes,Yes,Housecall Pro,Referral from existing customer,,2025-07-27,100
OPP-0116,L-0047,Metro Electrical Associates,Electrical,CA,Growth,19,7600,635,Discovery,Priya Kapoor,2024-02-22,2024-03-24,31,Yes,No,Housecall Pro; None,,,,15
OPP-0117,L-0426,Metro Pest Control Works,Pest Control,CA,Pro,28,16600,1381,Discovery,Diego Vargas,2024-04-29,2024-07-16,78,Yes,No,None; Jobber,,,,15
OPP-0118,L-0495,National HVAC Systems,HVAC,NY,Growth,5,9000,752,Demo/Evaluation,Tom Szymanski,2024-09-24,2024-12-25,92,Yes,Yes,FieldEdge; Jobber,,,,30
OPP-0119,L-0355,SwiftLine HVAC Services,HVAC,NV,Starter,2,4700,387,Proposal Sent,Derek Pham,2024-01-04,2024-03-06,62,Yes,Yes,Housecall Pro,,,,50
OPP-0120,L-0074,Apex HVAC Services,HVAC,WA,Starter,5,3900,324,Closed Lost,Derek Pham,2024-05-28,2024-08-13,77,Yes,No,Housecall Pro; ServiceTitan,,Budget cut,,0
OPP-0121,L-0293,Premier HVAC Solutions,HVAC,IN,Starter,3,4200,353,Negotiation,Josh Reinhart,2024-02-08,2024-03-20,41,Yes,No,FieldEdge; None,,,,75
OPP-0122,L-0476,National Pest Control Professionals,Pest Control,OH,Enterprise,132,51700,4309,Proposal Sent,Rachel Thornton,2024-09-26,2025-01-14,110,Yes,Yes,Housecall Pro,,,,50
OPP-0123,L-0456,Dynamic Plumbing Systems,Plumbing,NC,Starter,1,3300,278,Demo/Evaluation,Derek Pham,2024-11-05,2025-01-28,84,Yes,Yes,Housecall Pro; None,,,,30
OPP-0124,L-0045,BlueStar Plumbing Technologies,Plumbing,IN,Growth,14,9800,813,Negotiation,Carla Nunez,2024-05-03,2024-05-20,17,Yes,No,ServiceTitan; Jobber,,,,75
OPP-0125,L-0227,National Facilities Management Partners,Facilities Management,VA,Starter,3,4500,373,Closed Lost,Aisha Okafor,2024-04-10,2024-05-05,25,Yes,No,ServiceTitan; Jobber,,Missing integration,,0
OPP-0126,L-0326,Metro HVAC Services,HVAC,PA,Growth,8,10600,879,Negotiation,Derek Pham,2025-02-01,2025-03-30,57,Yes,No,FieldEdge,,,,75
OPP-0127,L-0457,Dynamic Pest Control Associates,Pest Control,CA,Growth,5,7400,618,Proposal Sent,Aisha Okafor,2024-07-10,2024-07-28,18,Yes,Yes,Housecall Pro; None,,,,50
OPP-0128,L-0321,National HVAC Services,HVAC,CA,Starter,4,3500,288,Demo/Evaluation,Leila Farouk,2024-06-07,2024-08-15,69,Yes,Yes,Housecall Pro,,,,30
OPP-0129,L-0242,Pinnacle Plumbing Group,Plumbing,WA,Starter,4,3200,263,Negotiation,Tom Szymanski,2024-08-17,2024-11-18,93,Yes,No,Housecall Pro; FieldEdge,,,,75
OPP-0130,L-0161,OneCall Pest Control Solutions,Pest Control,FL,Growth,12,9900,828,Negotiation,Tom Szymanski,2024-06-22,2024-10-14,114,Yes,No,Housecall Pro,,,,75
OPP-0131,L-0306,BlueStar Plumbing Associates,Plumbing,OR,Starter,3,3100,259,Discovery,Josh Reinhart,2024-09-20,2024-10-27,37,Yes,No,Jobber,,,,15
OPP-0132,L-0444,Summit HVAC Systems,HVAC,MN,Pro,32,17900,1494,Closed Lost,Rachel Thornton,2025-05-02,2025-08-10,100,Yes,No,Housecall Pro; ServiceTitan,,Budget cut,,0
OPP-0133,L-0274,OneCall Facilities Management Works,Facilities Management,WA,Enterprise,200,44700,3726,Discovery,Natasha Ivanova,2024-03-15,2024-06-12,89,Yes,No,Housecall Pro,,,,15
OPP-0134,L-0301,Premier Facilities Management Experts,Facilities Management,VA,Starter,3,3300,273,Demo/Evaluation,Derek Pham,2024-10-08,2025-01-26,110,Yes,Yes,Jobber; None,,,,30
OPP-0135,L-0258,TrustWorks HVAC Solutions,HVAC,OH,Growth,15,9400,785,Demo/Evaluation,Aisha Okafor,2025-01-28,2025-02-24,27,Yes,Yes,ServiceTitan; Housecall Pro,,,,30
OPP-0136,L-0096,Elite Pest Control Professionals,Pest Control,PA,Starter,3,3200,264,Closed Lost,Derek Pham,2024-08-31,2024-12-11,102,Yes,No,Jobber; Housecall Pro,,Lost to ServiceTitan,,0
OPP-0137,L-0085,Heritage HVAC Experts,HVAC,GA,Starter,2,3600,302,Discovery,Marcus Webb,2024-10-23,2024-11-24,32,Yes,No,None,,,,15
OPP-0138,L-0405,Dynamic Pest Control Technologies,Pest Control,IL,Growth,14,7900,662,Negotiation,Aisha Okafor,2025-05-02,2025-08-04,94,Yes,No,None,,,,75
OPP-0139,L-0073,SwiftLine HVAC Technologies,HVAC,OR,Starter,5,4100,340,Closed Won,Aisha Okafor,2024-02-21,2024-05-27,96,Yes,No,Housecall Pro,Referral from existing customer,,2024-05-27,100
OPP-0140,L-0298,Reliable HVAC Technologies,HVAC,AZ,Starter,2,3800,313,Closed Won,Josh Reinhart,2024-08-23,2024-11-12,81,Yes,Yes,Housecall Pro,Best mobile app,,2024-11-12,100
OPP-0141,L-0284,RapidFix HVAC Systems,HVAC,NV,Growth,9,10600,886,Closed Lost,Tom Szymanski,2024-02-10,2024-04-02,52,Yes,No,ServiceTitan,,Price too high,,0
OPP-0142,L-0346,Reliable HVAC Solutions,HVAC,PA,Pro,29,15400,1284,Closed Lost,Diego Vargas,2024-11-22,2024-11-30,8,Yes,No,Jobber; ServiceTitan,,Lost to ServiceTitan,,0
OPP-0143,L-0317,Premier Pest Control Works,Pest Control,FL,Starter,2,3400,283,Discovery,Derek Pham,2024-08-10,2024-12-05,117,Yes,No,Jobber,,,,15
OPP-0144,L-0068,ProServ HVAC Systems,HVAC,MO,Pro,50,21200,1762,Closed Won,Rachel Thornton,2024-10-29,2024-11-08,10,Yes,No,FieldEdge,Fast implementation,,2024-11-08,100
OPP-0145,L-0126,Reliable Electrical Associates,Electrical,IN,Enterprise,182,55600,4632,Closed Lost,Diego Vargas,2024-11-17,2024-12-16,29,Yes,No,Housecall Pro; ServiceTitan,,Price too high,,0
OPP-0146,L-0283,Pinnacle HVAC Systems,HVAC,TX,Growth,8,8000,667,Closed Won,Leila Farouk,2025-02-28,2025-03-18,18,Yes,No,Jobber; ServiceTitan,Competitive pricing,,2025-03-18,100
OPP-0147,L-0292,Metro Plumbing Solutions,Plumbing,IN,Growth,10,9600,799,Closed Won,Marcus Webb,2025-02-14,2025-02-20,6,Yes,Yes,Housecall Pro,Fast implementation,,2025-02-20,100
OPP-0148,L-0020,Apex Facilities Management Partners,Facilities Management,NY,Starter,2,3200,263,Proposal Sent,Marcus Webb,2024-11-05,2025-02-22,109,Yes,Yes,None; FieldEdge,,,,50
OPP-0149,L-0093,Heritage Electrical Solutions,Electrical,NV,Starter,3,3200,263,Discovery,Tom Szymanski,2024-06-02,2024-07-04,32,Yes,No,FieldEdge; Housecall Pro,,,,15
OPP-0150,L-0341,Regional HVAC Group,HVAC,TX,Pro,59,23200,1937,Negotiation,Natasha Ivanova,2025-04-21,2025-05-09,18,Yes,No,FieldEdge,,,,75
OPP-0151,L-0319,Premier HVAC Experts,HVAC,WI,Pro,26,23100,1921,Demo/Evaluation,Rachel Thornton,2024-08-01,2024-10-21,81,Yes,No,Housecall Pro; Jobber,,,,30
OPP-0152,L-0458,Dynamic Plumbing Partners,Plumbing,AZ,Starter,2,3300,277,Closed Won,Josh Reinhart,2024-11-03,2025-02-13,102,Yes,No,Housecall Pro; ServiceTitan,Referral from existing customer,,2025-02-13,100
OPP-0153,L-0265,Dynamic Plumbing Experts,Plumbing,MO,Growth,16,7200,599,Demo/Evaluation,Tom Szymanski,2024-11-21,2025-02-08,79,Yes,Yes,Housecall Pro; Jobber,,,,30
OPP-0154,L-0121,Heritage Electrical Works,Electrical,CO,Starter,5,3400,285,Demo/Evaluation,Derek Pham,2025-01-30,2025-04-23,83,Yes,Yes,FieldEdge,,,,30
OPP-0155,L-0033,ProServ Pest Control Partners,Pest Control,CO,Pro,37,21300,1771,Proposal Sent,Rachel Thornton,2025-05-11,2025-08-20,101,Yes,Yes,None,,,,50
OPP-0156,L-0455,Reliable HVAC Group,HVAC,OR,Starter,5,3100,262,Proposal Sent,Leila Farouk,2024-08-19,2024-10-10,52,Yes,Yes,FieldEdge; Jobber,,,,50
OPP-0157,L-0109,ProServ Pest Control Group,Pest Control,TX,Enterprise,155,51400,4280,Proposal Sent,Rachel Thornton,2024-03-19,2024-06-14,87,Yes,No,Jobber,,,,50
OPP-0158,L-0173,Dynamic Landscaping Associates,Landscaping,OH,Growth,9,9900,826,Discovery,Tom Szymanski,2024-09-01,2024-10-18,47,Yes,No,FieldEdge,,,,15
OPP-0159,L-0086,Dynamic HVAC Partners,HVAC,NY,Pro,22,17900,1488,Closed Lost,Rachel Thornton,2025-04-15,2025-07-29,105,Yes,No,FieldEdge; ServiceTitan,,Lost to ServiceTitan,,0
OPP-0160,L-0011,Regional HVAC Professionals,HVAC,WI,Growth,10,8000,666,Closed Lost,Aisha Okafor,2025-03-09,2025-06-15,98,Yes,No,Jobber; None,,Champion left company,,0
OPP-0161,L-0158,Metro Facilities Management Group,Facilities Management,NC,Growth,12,9200,763,Demo/Evaluation,Josh Reinhart,2025-01-19,2025-04-19,90,Yes,No,Jobber,,,,30
OPP-0162,L-0424,Heritage HVAC Professionals,HVAC,OH,Growth,15,9100,758,Demo/Evaluation,Tom Szymanski,2024-05-31,2024-06-28,28,Yes,No,ServiceTitan; None,,,,30
OPP-0163,L-0329,National Pest Control Solutions,Pest Control,MO,Growth,19,7400,616,Closed Lost,Tom Szymanski,2025-03-13,2025-04-11,29,Yes,No,Jobber,,Lost to ServiceTitan,,0
OPP-0164,L-0110,BlueStar Plumbing Group,Plumbing,OH,Starter,5,3300,271,Negotiation,Aisha Okafor,2024-09-23,2024-10-20,27,Yes,No,Jobber,,,,75
OPP-0165,L-0091,Summit Plumbing Works,Plumbing,FL,Growth,6,9000,753,Discovery,Priya Kapoor,2024-07-11,2024-09-08,59,Yes,No,FieldEdge; Jobber,,,,15
OPP-0166,L-0419,Heritage Plumbing Solutions,Plumbing,AZ,Growth,14,9900,821,Closed Won,Leila Farouk,2025-01-11,2025-02-16,36,Yes,Yes,None,Fast implementation,,2025-02-16,100
OPP-0167,L-0488,Apex Electrical Services,Electrical,PA,Growth,17,8300,689,Discovery,Carla Nunez,2025-05-13,2025-07-30,78,Yes,No,Jobber; FieldEdge,,,,15
OPP-0168,L-0371,SwiftLine Plumbing Group,Plumbing,MN,Starter,5,4400,370,Proposal Sent,Derek Pham,2025-04-01,2025-06-06,66,Yes,No,FieldEdge,,,,50
OPP-0169,L-0144,Dynamic HVAC Systems,HVAC,OH,Growth,10,8600,712,Proposal Sent,Marcus Webb,2025-03-13,2025-05-17,65,Yes,Yes,Housecall Pro; None,,,,50
OPP-0170,L-0008,National Electrical Group,Electrical,AZ,Starter,5,4400,364,Closed Lost,Marcus Webb,2024-09-14,2024-12-29,106,Yes,No,Housecall Pro,,Budget cut,,0
OPP-0171,L-0336,Apex Facilities Management Solutions,Facilities Management,IN,Starter,3,3700,311,Proposal Sent,Derek Pham,2024-02-20,2024-03-06,15,Yes,Yes,None; Jobber,,,,50
OPP-0172,L-0042,Heritage Plumbing Works,Plumbing,TX,Pro,57,17400,1447,Closed Won,Natasha Ivanova,2024-09-08,2024-11-11,64,Yes,No,FieldEdge; Housecall Pro,Competitive pricing,,2024-11-11,100
OPP-0173,L-0452,Elite Plumbing Group,Plumbing,CO,Starter,3,3200,263,Discovery,Derek Pham,2024-09-07,2024-09-29,22,Yes,No,Jobber; None,,,,15
OPP-0174,L-0240,ProServ HVAC Technologies,HVAC,WA,Starter,3,4500,377,Closed Won,Aisha Okafor,2024-11-25,2024-11-30,5,Yes,No,Housecall Pro; None,Best mobile app,,2024-11-30,100
OPP-0175,L-0177,TrustWorks Electrical Group,Electrical,GA,Enterprise,86,64200,5347,Discovery,Natasha Ivanova,2024-09-10,2024-12-19,100,Yes,No,Housecall Pro; None,,,,15
OPP-0176,L-0125,OneCall HVAC Services,HVAC,OH,Enterprise,88,49800,4151,Discovery,Sam Okonkwo,2025-03-27,2025-06-15,80,Yes,No,Housecall Pro,,,,15
OPP-0177,L-0013,Dynamic HVAC Works,HVAC,VA,Growth,9,10500,872,Discovery,Priya Kapoor,2025-04-29,2025-05-19,20,Yes,No,None; Jobber,,,,15
OPP-0178,L-0471,Dynamic Facilities Management Technologies,Facilities Management,NV,Growth,12,7900,655,Closed Lost,Derek Pham,2024-07-14,2024-09-12,60,Yes,No,None; Housecall Pro,,Missing integration,,0
OPP-0179,L-0291,Heritage Pest Control Solutions,Pest Control,NY,Starter,5,4100,339,Proposal Sent,Priya Kapoor,2025-01-14,2025-03-07,52,Yes,No,Housecall Pro,,,,50
OPP-0180,L-0084,Heritage HVAC Associates,HVAC,CA,Pro,27,21200,1770,Discovery,Diego Vargas,2024-04-23,2024-05-29,36,Yes,No,ServiceTitan; FieldEdge,,,,15
OPP-0181,L-0062,Regional Plumbing Systems,Plumbing,OH,Starter,1,4100,339,Closed Lost,Marcus Webb,2024-11-02,2025-02-01,91,Yes,No,FieldEdge,,Lost to ServiceTitan,,0
OPP-0182,L-0053,National Plumbing Works,Plumbing,NY,Growth,13,9400,784,Proposal Sent,Priya Kapoor,2025-03-22,2025-06-22,92,Yes,Yes,FieldEdge,,,,50
OPP-0183,L-0251,Heritage Other Solutions,Other,MO,Growth,15,9400,783,Demo/Evaluation,Aisha Okafor,2024-04-07,2024-07-05,89,Yes,Yes,ServiceTitan,,,,30
OPP-0184,L-0307,TrustWorks Other Solutions,Other,IL,Starter,3,4300,357,Closed Won,Priya Kapoor,2025-05-14,2025-08-09,87,Yes,Yes,Housecall Pro; ServiceTitan,Referral from existing customer,,2025-08-09,100
OPP-0185,L-0145,Dynamic HVAC Experts,HVAC,WI,Growth,12,10400,869,Closed Won,Tom Szymanski,2024-11-03,2024-11-29,26,Yes,No,FieldEdge; Housecall Pro,Fast implementation,,2024-11-29,100
OPP-0186,L-0001,Metro Electrical Technologies,Electrical,GA,Starter,3,4200,352,Closed Won,Leila Farouk,2024-05-22,2024-08-31,101,Yes,No,ServiceTitan,Referral from existing customer,,2024-08-31,100
OPP-0187,L-0349,Heritage Pest Control Works,Pest Control,TN,Starter,4,4400,363,Negotiation,Priya Kapoor,2025-05-16,2025-06-24,39,Yes,No,Housecall Pro,,,,75
OPP-0188,L-0166,SwiftLine Pest Control Associates,Pest Control,FL,Pro,24,20900,1745,Proposal Sent,Diego Vargas,2025-05-05,2025-05-10,5,Yes,Yes,Housecall Pro,,,,50
OPP-0189,L-0103,Apex Pest Control Group,Pest Control,MN,Growth,15,7500,624,Proposal Sent,Tom Szymanski,2024-12-26,2025-04-09,104,Yes,No,None; Housecall Pro,,,,50
OPP-0190,L-0021,Reliable HVAC Services,HVAC,TX,Growth,15,9900,824,Demo/Evaluation,Derek Pham,2024-09-27,2024-10-23,26,Yes,Yes,FieldEdge,,,,30
OPP-0191,L-0417,Summit Plumbing Professionals,Plumbing,OR,Growth,16,9800,815,Proposal Sent,Aisha Okafor,2024-03-09,2024-04-08,30,Yes,No,Jobber; ServiceTitan,,,,50
OPP-0192,L-0124,RapidFix Facilities Management Associates,Facilities Management,TN,Growth,5,9300,772,Closed Lost,Aisha Okafor,2024-09-28,2024-10-30,32,Yes,No,ServiceTitan,,No decision – stayed with current system,,0
OPP-0193,L-0411,Elite HVAC Associates,HVAC,IL,Growth,6,10000,830,Closed Won,Priya Kapoor,2024-04-23,2024-08-09,108,Yes,Yes,Housecall Pro; None,QuickBooks integration,,2024-08-09,100
OPP-0194,L-0366,National HVAC Professionals,HVAC,WI,Starter,1,4500,370,Demo/Evaluation,Marcus Webb,2024-04-04,2024-04-30,26,Yes,Yes,FieldEdge,,,,30
OPP-0195,L-0092,Premier HVAC Works,HVAC,FL,Growth,19,8600,712,Demo/Evaluation,Derek Pham,2024-06-11,2024-07-21,40,Yes,Yes,FieldEdge,,,,30
OPP-0196,L-0171,Summit Plumbing Experts,Plumbing,IL,Pro,32,20000,1669,Demo/Evaluation,Sam Okonkwo,2025-03-15,2025-05-20,66,Yes,Yes,ServiceTitan; None,,,,30
OPP-0197,L-0133,National Electrical Group,Electrical,TN,Growth,5,8100,677,Proposal Sent,Aisha Okafor,2024-10-29,2024-11-03,5,Yes,Yes,ServiceTitan,,,,50
OPP-0198,L-0099,OneCall HVAC Solutions,HVAC,IN,Enterprise,155,54700,4557,Closed Lost,Rachel Thornton,2024-11-22,2024-11-27,5,Yes,No,Housecall Pro; None,,Implementation too complex,,0
OPP-0199,L-0358,SwiftLine Other Group,Other,AZ,Pro,43,21400,1784,Closed Won,Rachel Thornton,2024-04-05,2024-06-26,82,Yes,No,FieldEdge; None,Fast implementation,,2024-06-26,100
OPP-0200,L-0111,Pinnacle Plumbing Solutions,Plumbing,WA,Pro,48,21900,1825,Negotiation,Natasha Ivanova,2024-11-23,2025-01-13,51,Yes,No,Housecall Pro; ServiceTitan,,,,75
OPP-0201,L-0140,RapidFix Facilities Management Solutions,Facilities Management,GA,Pro,44,23200,1932,Negotiation,Rachel Thornton,2024-05-16,2024-09-09,116,Yes,No,ServiceTitan; None,,,,75
OPP-0202,L-0359,RapidFix HVAC Group,HVAC,IN,Pro,41,19000,1582,Negotiation,Natasha Ivanova,2024-08-02,2024-11-04,94,Yes,No,Jobber; ServiceTitan,,,,75
OPP-0203,L-0484,Apex Other Partners,Other,GA,Growth,9,9400,783,Discovery,Josh Reinhart,2024-03-26,2024-07-20,116,Yes,No,Jobber; FieldEdge,,,,15
OPP-0204,L-0039,Elite Pest Control Associates,Pest Control,TN,Pro,30,18900,1578,Closed Won,Sam Okonkwo,2024-04-27,2024-07-28,92,Yes,Yes,None; Housecall Pro,Referral from existing customer,,2024-07-28,100
OPP-0205,L-0234,Dynamic HVAC Systems,HVAC,TN,Growth,12,7100,595,Negotiation,Tom Szymanski,2025-02-17,2025-05-14,86,Yes,No,ServiceTitan; FieldEdge,,,,75
OPP-0206,L-0041,RapidFix HVAC Partners,HVAC,NV,Growth,20,10400,868,Proposal Sent,Diego Vargas,2025-01-05,2025-04-23,108,Yes,No,Housecall Pro; Jobber,,,,50
OPP-0207,L-0153,ProServ Electrical Technologies,Electrical,AZ,Starter,5,3700,307,Discovery,Josh Reinhart,2024-12-28,2025-03-21,83,Yes,No,FieldEdge,,,,15
OPP-0208,L-0192,Allied Landscaping Solutions,Landscaping,IN,Starter,5,3700,311,Negotiation,Tom Szymanski,2024-11-12,2025-01-16,65,Yes,No,Housecall Pro,,,,75
OPP-0209,L-0135,ProServ HVAC Technologies,HVAC,OH,Starter,3,3500,293,Closed Lost,Derek Pham,2025-05-29,2025-06-27,29,Yes,No,Jobber,,No decision – stayed with current system,,0
OPP-0210,L-0233,National Electrical Partners,Electrical,NC,Starter,3,3900,321,Discovery,Leila Farouk,2024-10-16,2024-11-01,16,Yes,No,None; Housecall Pro,,,,15
OPP-0211,L-0272,Summit HVAC Services,HVAC,TX,Starter,5,3300,276,Discovery,Carla Nunez,2024-05-27,2024-07-28,62,Yes,No,Housecall Pro,,,,15
OPP-0212,L-0201,Summit Facilities Management Solutions,Facilities Management,NY,Enterprise,160,57900,4822,Discovery,Rachel Thornton,2024-11-30,2025-01-04,35,Yes,No,Jobber,,,,15
OPP-0213,L-0132,Summit Landscaping Works,Landscaping,IL,Starter,4,3300,277,Closed Lost,Tom Szymanski,2025-05-20,2025-08-17,89,Yes,No,Housecall Pro,,Lost to Jobber,,0
OPP-0214,L-0044,SwiftLine Electrical Experts,Electrical,WA,Growth,5,10900,906,Demo/Evaluation,Aisha Okafor,2024-08-14,2024-08-22,8,Yes,No,FieldEdge,,,,30
OPP-0215,L-0223,Dynamic HVAC Technologies,HVAC,OH,Pro,31,21500,1791,Closed Lost,Sam Okonkwo,2024-06-20,2024-07-23,33,Yes,No,ServiceTitan; Jobber,,Missing integration,,0
OPP-0216,L-0462,Summit Plumbing Solutions,Plumbing,PA,Starter,5,4500,378,Discovery,Josh Reinhart,2024-11-16,2025-02-10,86,Yes,No,ServiceTitan; FieldEdge,,,,15
OPP-0217,L-0027,National Landscaping Associates,Landscaping,CO,Starter,1,4500,371,Demo/Evaluation,Aisha Okafor,2024-01-02,2024-03-20,78,Yes,No,FieldEdge,,,,30
OPP-0218,L-0422,Elite Plumbing Professionals,Plumbing,IL,Growth,14,10600,880,Discovery,Carla Nunez,2024-09-23,2025-01-01,100,Yes,No,None; Housecall Pro,,,,15
OPP-0219,L-0235,SwiftLine Electrical Solutions,Electrical,AZ,Enterprise,108,61200,5097,Negotiation,Diego Vargas,2024-08-15,2024-09-17,33,Yes,No,ServiceTitan; FieldEdge,,,,75
OPP-0220,L-0225,OneCall HVAC Associates,HVAC,NV,Growth,8,7500,621,Closed Won,Carla Nunez,2024-04-13,2024-04-29,16,Yes,No,ServiceTitan,Competitive pricing,,2024-04-29,100
OPP-0221,L-0303,BlueStar Plumbing Systems,Plumbing,WA,Pro,31,16300,1360,Discovery,Rachel Thornton,2024-08-30,2024-10-14,45,Yes,No,None; ServiceTitan,,,,15
OPP-0222,L-0115,Allied HVAC Group,HVAC,CA,Starter,5,3600,295,Proposal Sent,Tom Szymanski,2024-06-21,2024-09-09,80,Yes,No,Housecall Pro,,,,50
OPP-0223,L-0067,Regional HVAC Experts,HVAC,WI,Starter,2,3600,297,Discovery,Josh Reinhart,2024-10-29,2024-12-19,51,Yes,No,None,,,,15
OPP-0224,L-0441,BlueStar HVAC Experts,HVAC,IN,Growth,5,9600,802,Closed Lost,Tom Szymanski,2024-07-15,2024-10-03,80,Yes,No,Housecall Pro,,Price too high,,0
OPP-0225,L-0249,TrustWorks Facilities Management Solutions,Facilities Management,NV,Growth,10,7200,597,Closed Lost,Tom Szymanski,2024-03-01,2024-06-23,114,Yes,No,Jobber; FieldEdge,,Budget cut,,0
OPP-0226,L-0164,BlueStar Other Associates,Other,MO,Starter,4,4400,366,Discovery,Derek Pham,2024-09-05,2024-11-12,68,Yes,No,Jobber; FieldEdge,,,,15
OPP-0227,L-0260,Allied Pest Control Systems,Pest Control,OH,Pro,55,16500,1372,Negotiation,Rachel Thornton,2025-03-03,2025-06-01,90,Yes,No,None,,,,75
OPP-0228,L-0435,Regional Pest Control Solutions,Pest Control,TX,Growth,10,8300,694,Closed Won,Derek Pham,2024-11-19,2025-01-27,69,Yes,No,FieldEdge,Referral from existing customer,,2025-01-27,100
OPP-0229,L-0131,Premier Landscaping Services,Landscaping,AZ,Starter,2,4100,339,Closed Lost,Josh Reinhart,2024-02-07,2024-03-10,32,Yes,No,Housecall Pro; ServiceTitan,,Budget cut,,0
OPP-0230,L-0377,TrustWorks Facilities Management Technologies,Facilities Management,PA,Pro,60,23200,1935,Negotiation,Diego Vargas,2024-05-30,2024-07-16,47,Yes,No,Jobber,,,,75
OPP-0231,L-0195,Dynamic Facilities Management Technologies,Facilities Management,CO,Starter,1,4400,368,Closed Lost,Tom Szymanski,2025-01-27,2025-05-15,108,Yes,No,Jobber,,Price too high,,0
OPP-0232,L-0496,Summit HVAC Services,HVAC,MN,Starter,3,4400,369,Closed Won,Derek Pham,2024-12-29,2025-04-06,98,Yes,No,Jobber; ServiceTitan,Fast implementation,,2025-04-06,100
OPP-0233,L-0048,TrustWorks Facilities Management Professionals,Facilities Management,AZ,Enterprise,81,50500,4207,Proposal Sent,Diego Vargas,2024-05-01,2024-07-31,91,Yes,No,FieldEdge; Housecall Pro,,,,50
OPP-0234,L-0007,Summit Pest Control Solutions,Pest Control,IL,Growth,18,7400,616,Demo/Evaluation,Tom Szymanski,2025-02-12,2025-05-21,98,Yes,No,FieldEdge; Jobber,,,,30
OPP-0235,L-0257,RapidFix Pest Control Solutions,Pest Control,OR,Growth,9,7500,624,Proposal Sent,Marcus Webb,2024-01-05,2024-02-20,46,Yes,No,FieldEdge,,,,50
OPP-0236,L-0191,Dynamic HVAC Technologies,HVAC,CA,Starter,2,4100,342,Proposal Sent,Josh Reinhart,2024-06-08,2024-08-25,78,Yes,No,Housecall Pro,,,,50
OPP-0237,L-0254,ProServ HVAC Professionals,HVAC,CO,Growth,7,8200,685,Closed Lost,Aisha Okafor,2024-11-07,2024-11-30,23,Yes,No,Jobber,,Price too high,,0
OPP-0238,L-0463,ProServ Plumbing Partners,Plumbing,OH,Pro,23,21200,1770,Negotiation,Natasha Ivanova,2025-01-18,2025-01-24,6,Yes,No,None; ServiceTitan,,,,75
OPP-0239,L-0207,OneCall HVAC Works,HVAC,OR,Starter,2,4100,345,Proposal Sent,Marcus Webb,2024-09-12,2025-01-04,114,Yes,No,Housecall Pro,,,,50
OPP-0240,L-0266,Regional Plumbing Professionals,Plumbing,GA,Pro,41,20800,1732,Discovery,Diego Vargas,2024-10-27,2024-11-22,26,Yes,No,ServiceTitan,,,,15
OPP-0241,L-0194,Summit Plumbing Technologies,Plumbing,WI,Growth,6,8500,705,Demo/Evaluation,Derek Pham,2024-06-19,2024-08-23,65,Yes,Yes,ServiceTitan,,,,30
OPP-0242,L-0199,ProServ Facilities Management Experts,Facilities Management,VA,Growth,8,10800,902,Demo/Evaluation,Marcus Webb,2024-08-31,2024-11-27,88,Yes,Yes,None; Housecall Pro,,,,30
OPP-0243,L-0025,Reliable Facilities Management Works,Facilities Management,WI,Growth,14,9500,791,Discovery,Aisha Okafor,2024-08-21,2024-10-16,56,Yes,No,ServiceTitan,,,,15
OPP-0244,L-0056,Summit HVAC Solutions,HVAC,IN,Enterprise,121,45500,3794,Proposal Sent,Diego Vargas,2024-11-14,2025-01-08,55,Yes,No,FieldEdge; Jobber,,,,50
OPP-0245,L-0188,Summit Pest Control Technologies,Pest Control,IN,Growth,14,10100,838,Closed Won,Derek Pham,2024-07-12,2024-10-26,106,Yes,No,Housecall Pro,Referral from existing customer,,2024-10-26,100
OPP-0246,L-0212,National Other Solutions,Other,MO,Starter,4,3500,291,Discovery,Tom Szymanski,2024-12-10,2025-03-08,88,Yes,No,FieldEdge; ServiceTitan,,,,15
OPP-0247,L-0174,Regional Plumbing Services,Plumbing,IN,Growth,10,7600,631,Discovery,Tom Szymanski,2025-05-16,2025-05-31,15,Yes,No,Housecall Pro,,,,15
OPP-0248,L-0014,TrustWorks Facilities Management Solutions,Facilities Management,VA,Starter,1,4100,340,Closed Won,Leila Farouk,2024-12-13,2025-02-21,70,Yes,No,None,QuickBooks integration,,2025-02-21,100
OPP-0249,L-0372,Reliable HVAC Works,HVAC,TN,Pro,49,17500,1458,Negotiation,Diego Vargas,2024-11-13,2025-02-21,100,Yes,No,None,,,,75
OPP-0250,L-0295,SwiftLine Plumbing Associates,Plumbing,WA,Starter,5,3300,278,Closed Won,Leila Farouk,2024-01-16,2024-03-22,66,Yes,Yes,FieldEdge; Jobber,Referral from existing customer,,2024-03-22,100
OPP-0251,L-0055,SwiftLine Electrical Solutions,Electrical,AZ,Growth,18,8400,696,Proposal Sent,Priya Kapoor,2025-01-05,2025-04-11,96,Yes,Yes,Housecall Pro,,,,50
OPP-0252,L-0477,TrustWorks HVAC Works,HVAC,MO,Starter,2,3700,307,Discovery,Priya Kapoor,2025-04-26,2025-08-13,109,Yes,No,ServiceTitan; None,,,,15
OPP-0253,L-0149,ProServ HVAC Professionals,HVAC,MO,Pro,29,21400,1782,Discovery,Sam Okonkwo,2025-03-03,2025-04-03,31,Yes,No,Jobber,,,,15
OPP-0254,L-0464,Elite Pest Control Works,Pest Control,NY,Pro,21,22300,1855,Closed Won,Natasha Ivanova,2024-02-05,2024-05-08,93,Yes,No,None,QuickBooks integration,,2024-05-08,100
OPP-0255,L-0345,Pinnacle Electrical Works,Electrical,FL,Starter,2,4300,361,Closed Won,Derek Pham,2024-07-26,2024-08-15,20,Yes,Yes,None,Best mobile app,,2024-08-15,100
OPP-0256,L-0162,Apex HVAC Partners,HVAC,TX,Starter,1,4100,341,Negotiation,Priya Kapoor,2024-09-09,2024-09-25,16,Yes,No,ServiceTitan; None,,,,75
OPP-0257,L-0273,Reliable Electrical Technologies,Electrical,NY,Enterprise,138,65100,5422,Discovery,Sam Okonkwo,2024-12-18,2025-02-25,69,Yes,No,FieldEdge; Jobber,,,,15
OPP-0258,L-0451,Allied Electrical Works,Electrical,TN,Starter,3,3700,311,Proposal Sent,Tom Szymanski,2024-01-29,2024-04-27,89,Yes,No,Jobber,,,,50
OPP-0259,L-0079,Summit HVAC Systems,HVAC,WA,Pro,25,15700,1305,Closed Won,Natasha Ivanova,2025-01-16,2025-03-28,71,Yes,No,Jobber; Housecall Pro,Competitive pricing,,2025-03-28,100
OPP-0260,L-0059,OneCall Plumbing Systems,Plumbing,TN,Starter,2,3900,324,Proposal Sent,Aisha Okafor,2024-09-01,2024-10-21,50,Yes,Yes,ServiceTitan,,,,50
OPP-0261,L-0070,Premier Landscaping Partners,Landscaping,IN,Starter,1,3400,286,Closed Lost,Derek Pham,2025-04-20,2025-05-19,29,Yes,No,Jobber; None,,No decision – stayed with current system,,0
OPP-0262,L-0209,National HVAC Works,HVAC,OR,Pro,23,20200,1680,Proposal Sent,Diego Vargas,2024-08-12,2024-09-13,32,Yes,No,FieldEdge; Jobber,,,,50
OPP-0263,L-0193,Metro HVAC Partners,HVAC,OR,Starter,3,3200,264,Closed Won,Marcus Webb,2024-04-30,2024-06-06,37,Yes,No,Jobber; Housecall Pro,Competitive pricing,,2024-06-06,100
OPP-0264,L-0281,Heritage Facilities Management Technologies,Facilities Management,WI,Starter,5,3200,265,Negotiation,Carla Nunez,2025-01-20,2025-02-26,37,Yes,No,Jobber; None,,,,75
OPP-0265,L-0095,Apex HVAC Solutions,HVAC,IL,Enterprise,99,44400,3703,Demo/Evaluation,Natasha Ivanova,2024-04-13,2024-07-20,98,Yes,Yes,Jobber; FieldEdge,,,,30
OPP-0266,L-0118,National Plumbing Associates,Plumbing,CO,Starter,2,3700,310,Discovery,Josh Reinhart,2024-02-21,2024-03-16,24,Yes,No,Housecall Pro; None,,,,15
OPP-0267,L-0374,ProServ Plumbing Experts,Plumbing,IL,Growth,8,7200,602,Closed Won,Priya Kapoor,2024-03-13,2024-06-03,82,Yes,Yes,FieldEdge,QuickBooks integration,,2024-06-03,100
OPP-0268,L-0270,Metro Landscaping Associates,Landscaping,CA,Starter,4,3900,325,Discovery,Josh Reinhart,2025-03-19,2025-06-19,92,Yes,No,ServiceTitan; FieldEdge,,,,15
OPP-0269,L-0006,TrustWorks HVAC Solutions,HVAC,NC,Starter,3,4100,340,Discovery,Carla Nunez,2024-03-08,2024-04-28,51,Yes,No,FieldEdge; Jobber,,,,15
OPP-0270,L-0101,Regional HVAC Technologies,HVAC,OR,Pro,51,22300,1860,Proposal Sent,Sam Okonkwo,2024-01-17,2024-02-19,33,Yes,No,ServiceTitan; None,,,,50
OPP-0271,L-0129,National Landscaping Professionals,Landscaping,NY,Growth,9,10800,902,Discovery,Aisha Okafor,2024-09-02,2024-10-05,33,Yes,No,ServiceTitan; None,,,,15
OPP-0272,L-0176,Regional HVAC Experts,HVAC,CA,Starter,4,3300,277,Proposal Sent,Leila Farouk,2025-05-22,2025-08-28,98,Yes,Yes,None; Housecall Pro,,,,50
OPP-0273,L-0493,Heritage HVAC Systems,HVAC,WA,Starter,3,3900,325,Proposal Sent,Carla Nunez,2024-08-12,2024-11-14,94,Yes,Yes,None; FieldEdge,,,,50
OPP-0274,L-0203,SwiftLine HVAC Experts,HVAC,GA,Growth,16,10500,876,Negotiation,Derek Pham,2024-02-20,2024-03-17,26,Yes,No,Housecall Pro; Jobber,,,,75
OPP-0275,L-0418,Regional Pest Control Professionals,Pest Control,IN,Pro,40,18100,1506,Demo/Evaluation,Diego Vargas,2024-09-30,2025-01-07,99,Yes,No,Housecall Pro; Jobber,,,,30
OPP-0276,L-0113,SwiftLine Electrical Associates,Electrical,IL,Pro,56,15400,1280,Proposal Sent,Diego Vargas,2024-11-20,2025-01-29,70,Yes,Yes,Jobber,,,,50
OPP-0277,L-0324,ProServ HVAC Works,HVAC,FL,Starter,3,3700,305,Demo/Evaluation,Josh Reinhart,2025-01-10,2025-04-19,99,Yes,Yes,ServiceTitan; FieldEdge,,,,30
OPP-0278,L-0028,Heritage Pest Control Solutions,Pest Control,NV,Starter,3,4100,345,Demo/Evaluation,Derek Pham,2024-11-30,2025-01-27,58,Yes,No,Jobber; Housecall Pro,,,,30
OPP-0279,L-0486,National Pest Control Associates,Pest Control,MN,Starter,4,4300,361,Closed Won,Marcus Webb,2024-07-05,2024-09-12,69,Yes,No,Housecall Pro; Jobber,Competitive pricing,,2024-09-12,100
OPP-0280,L-0467,Elite Plumbing Works,Plumbing,OR,Starter,1,4100,339,Proposal Sent,Tom Szymanski,2024-07-07,2024-07-23,16,Yes,Yes,Housecall Pro; FieldEdge,,,,50
